genericmarkers	1	Legionella feeleii
genericmarkers	2	Legionella pneumophila
genericmarkers	3	Legionella pneumophila
genericmarkers	4	Legionella anisa
genericmarkers	5	Legionella wadsworthii
genericmarkers	6	Legionella tucsonensis
genericmarkers	7	Legionella pneumophila
genericmarkers	8	Legionella longbeachae
genericmarkers	9	Legionella cherrii
genericmarkers	10	Legionella norrlandica
genericmarkers	11	Legionella moravica
genericmarkers	12	Legionella saoudiensis
genericmarkers	13	Legionella israelensis
genericmarkers	14	Legionella londiniensis
genericmarkers	15	Legionella worsleiensis
genericmarkers	16	Legionella oakridgensis
genericmarkers	17	Legionella tunisiensis
genericmarkers	18	Legionella massiliensis
genericmarkers	19	Legionella clemsonensis
genericmarkers	20	Legionella quinlivanii
genericmarkers	21	Legionella maceachernii
genericmarkers	22	Legionella lansingensis
genericmarkers	23	Legionella fairfieldensis
genericmarkers	24	Legionella geestiana
genericmarkers	25	Legionella jordanis
genericmarkers	26	Legionella feeleii
genericmarkers	27	Legionella fallonii
genericmarkers	28	Legionella hackeliae
genericmarkers	29	Legionella brunensis
genericmarkers	30	Legionella drozanskii
genericmarkers	31	Legionella erythra
genericmarkers	32	Legionella nautarum
genericmarkers	33	Legionella rubrilucens
genericmarkers	34	Legionella spiritensis
genericmarkers	35	Legionella quateirensis
genericmarkers	36	Legionella waltersii
genericmarkers	37	Legionella drancourtii
genericmarkers	38	Legionella shakespearei
genericmarkers	39	Legionella adelaidensis
genericmarkers	40	Legionella pneumophila
genericmarkers	41	Legionella pneumophila SG1
genericmarkers	42	Legionella pneumophila SG1
genericmarkers	43	Legionella pneumophila SG1
genericmarkers	44	Legionella pneumophila SG1
genericmarkers	45	Streptococcus pyogenes GAS
genericmarkers	46	Streptococcus pyogenes GAS
genericmarkers	47	Streptococcus pyogenes GAS
genericmarkers	48	Streptococcus pyogenes GAS
genericmarkers	49	Streptococcus pyogenes GAS
genericmarkers	50	Mycoplasma pneumoniae
genericmarkers	51	Mycoplasma pneumoniae
genericmarkers	52	Mycoplasma pneumoniae
genericmarkers	53	Chlamydia pneumoniae
genericmarkers	54	Chlamydia pneumoniae
genericmarkers	55	Chlamydia pneumoniae
genericmarkers	56	Streptococcus pneumoniae
genericmarkers	57	Streptococcus pneumoniae
genericmarkers	58	Streptococcus pneumoniae
genericmarkers	59	Streptococcus pneumoniae
genericmarkers	60	Streptococcus pneumoniae
genericmarkers	61	Streptococcus pneumoniae
genericmarkers	62	Streptococcus pneumoniae
genericmarkers	63	Streptococcus pneumoniae
genericmarkers	64	Streptococcus pneumoniae
genericmarkers	65	Streptococcus pneumoniae
genericmarkers	66	Streptococcus pneumoniae
genericmarkers	67	Streptococcus pneumoniae
genericmarkers	68	Streptococcus pneumoniae
genericmarkers	69	Streptococcus pneumoniae
genericmarkers	70	Streptococcus pneumoniae
genericmarkers	71	Streptococcus pneumoniae
genericmarkers	72	Streptococcus pneumoniae
genericmarkers	73	Streptococcus pneumoniae
genericmarkers	74	Streptococcus pneumoniae
genericmarkers	75	Streptococcus pneumoniae
genericmarkers	76	Streptococcus pneumoniae
genericmarkers	77	Streptococcus pneumoniae
genericmarkers	78	Streptococcus pneumoniae
genericmarkers	79	Streptococcus pneumoniae
genericmarkers	80	Streptococcus pneumoniae
genericmarkers	81	Streptococcus pneumoniae
genericmarkers	82	Streptococcus pneumoniae
genericmarkers	83	Streptococcus pneumoniae
genericmarkers	84	Streptococcus pneumoniae
genericmarkers	85	Streptococcus pneumoniae
genericmarkers	86	Streptococcus pneumoniae
genericmarkers	87	Streptococcus pneumoniae
genericmarkers	88	Streptococcus pneumoniae
genericmarkers	89	Streptococcus pneumoniae
genericmarkers	90	Streptococcus pneumoniae
genericmarkers	91	Streptococcus pneumoniae
genericmarkers	92	Streptococcus pneumoniae
genericmarkers	93	Streptococcus pneumoniae
genericmarkers	94	Streptococcus pneumoniae
genericmarkers	95	Streptococcus pneumoniae
genericmarkers	96	Streptococcus pneumoniae
genericmarkers	97	Streptococcus pneumoniae
genericmarkers	98	Streptococcus pneumoniae
genericmarkers	99	Streptococcus pneumoniae
genericmarkers	100	Streptococcus pneumoniae
genericmarkers	101	Streptococcus pneumoniae
genericmarkers	102	Streptococcus pneumoniae
genericmarkers	103	Streptococcus pneumoniae
genericmarkers	104	Streptococcus pneumoniae
genericmarkers	105	Streptococcus pneumoniae
genericmarkers	106	Streptococcus pneumoniae
genericmarkers	107	Streptococcus pneumoniae
genericmarkers	108	Streptococcus pneumoniae
genericmarkers	109	Streptococcus pneumoniae
genericmarkers	110	Streptococcus pneumoniae
genericmarkers	111	Streptococcus pneumoniae
genericmarkers	112	Streptococcus pneumoniae
genericmarkers	113	Streptococcus pneumoniae
genericmarkers	114	Streptococcus pneumoniae
genericmarkers	115	Streptococcus pneumoniae
genericmarkers	116	Streptococcus pneumoniae
genericmarkers	117	Streptococcus pneumoniae
genericmarkers	118	Streptococcus pneumoniae
genericmarkers	119	Streptococcus pneumoniae
genericmarkers	120	Streptococcus pneumoniae
genericmarkers	121	Streptococcus pneumoniae
genericmarkers	122	Streptococcus pneumoniae
genericmarkers	123	Streptococcus pneumoniae
genericmarkers	124	Streptococcus pneumoniae
genericmarkers	125	Streptococcus pneumoniae
genericmarkers	126	Streptococcus pneumoniae
genericmarkers	127	Streptococcus pneumoniae
genericmarkers	128	Streptococcus pneumoniae
genericmarkers	129	Streptococcus pneumoniae
genericmarkers	130	Streptococcus pneumoniae
genericmarkers	131	Streptococcus pneumoniae
genericmarkers	132	Haemophilus influenzae
genericmarkers	133	Haemophilus influenzae
genericmarkers	134	Haemophilus influenzae
genericmarkers	135	Haemophilus influenzae
genericmarkers	136	Haemophilus influenzae
genericmarkers	137	Haemophilus influenzae
genericmarkers	138	Haemophilus influenzae
genericmarkers	139	Haemophilus influenzae
genericmarkers	140	Haemophilus influenzae
genericmarkers	141	Haemophilus influenzae
genericmarkers	142	Haemophilus influenzae
genericmarkers	143	Haemophilus influenzae
genericmarkers	144	Haemophilus influenzae
genericmarkers	145	Haemophilus influenzae
genericmarkers	146	Haemophilus influenzae
genericmarkers	147	Haemophilus influenzae
genericmarkers	148	Haemophilus influenzae
genericmarkers	149	Haemophilus influenzae
genericmarkers	150	Haemophilus influenzae
genericmarkers	151	MERS N
genericmarkers	152	MERS N
genericmarkers	153	MERS N
genericmarkers	154	MERS N
genericmarkers	155	MERS N
genericmarkers	156	MERS N
genericmarkers	157	MERS N
genericmarkers	158	MERS N
genericmarkers	159	MERS US
genericmarkers	160	MERS US
genericmarkers	161	MERS US
genericmarkers	162	MERS US
genericmarkers	163	MERS US
genericmarkers	164	MERS US
genericmarkers	165	MERS US
genericmarkers	166	FluB
genericmarkers	167	FluB
genericmarkers	168	FluB
genericmarkers	169	FluB
genericmarkers	170	FluB
genericmarkers	171	FluB
genericmarkers	172	FluB
genericmarkers	173	FluB
genericmarkers	174	FluB
genericmarkers	175	FluB
genericmarkers	176	FluB
genericmarkers	177	FluB
genericmarkers	178	FluB
genericmarkers	179	FluB
genericmarkers	180	FluB
genericmarkers	181	FluA
genericmarkers	182	FluA
genericmarkers	183	FluA
genericmarkers	184	FluA
genericmarkers	185	FluA
genericmarkers	186	FluA
genericmarkers	187	FluA
genericmarkers	188	FluA
genericmarkers	189	FluA
genericmarkers	190	FluA
genericmarkers	191	FluA
genericmarkers	192	FluA
genericmarkers	193	FluA
genericmarkers	194	FluA
genericmarkers	195	FluA
genericmarkers	196	FluA
genericmarkers	197	FluA
genericmarkers	198	FluA
genericmarkers	199	FluA
genericmarkers	200	FluA
genericmarkers	201	FluA
genericmarkers	202	FluA
genericmarkers	203	FluA
genericmarkers	204	FluA
genericmarkers	205	FluA
genericmarkers	206	FluA
genericmarkers	207	FluA
genericmarkers	208	FluA
genericmarkers	209	FluA
genericmarkers	210	FluA
genericmarkers	211	FluA
genericmarkers	212	FluA
genericmarkers	213	FluA
genericmarkers	214	FluA
genericmarkers	215	FluA
genericmarkers	216	FluA
genericmarkers	217	FluA
genericmarkers	218	FluA
genericmarkers	219	FluA
genericmarkers	220	FluA
genericmarkers	221	FluA
genericmarkers	222	FluA
genericmarkers	223	FluA
genericmarkers	224	FluA
genericmarkers	225	FluA
genericmarkers	226	FluA
genericmarkers	227	FluA
genericmarkers	228	FluA Ostalmivir R H1N1
genericmarkers	229	FluA Ostalmivir R H1N1
genericmarkers	230	FluA Ostalmivir R H1N1
genericmarkers	231	FluA Ostalmivir R H1N1
genericmarkers	232	FluA Ostalmivir R H1N1
genericmarkers	233	FluA Ostalmivir R H1N1
genericmarkers	234	FluA Ostalmivir R H1N1
genericmarkers	235	FluA Ostalmivir R H1N1
genericmarkers	236	FluA Ostalmivir R H1N1
genericmarkers	237	FluA Ostalmivir R H1N1
genericmarkers	238	FluA Ostalmivir R H1N1
genericmarkers	239	FluA Ostalmivir R H1N1
genericmarkers	240	FluA Ostalmivir R H1N1
genericmarkers	241	FluA Ostalmivir R H1N1
genericmarkers	242	FluA Ostalmivir R H1N1
genericmarkers	243	FluA Ostalmivir R H1N1
genericmarkers	244	FluA Ostalmivir R H1N1
genericmarkers	245	FluA Ostalmivir R H1N1
genericmarkers	246	FluA Ostalmivir R H1N1
genericmarkers	247	FluA Ostalmivir R H1N1
genericmarkers	248	FluA Ostalmivir R H1N1
genericmarkers	249	FluA Ostalmivir R H1N1
genericmarkers	250	FluA Ostalmivir R H1N1
genericmarkers	251	FluA Ostalmivir R H1N1
genericmarkers	252	FluA Ostalmivir R H5N1
genericmarkers	253	FluA Ostalmivir R H5N1
genericmarkers	254	FluA Ostalmivir R H5N1
genericmarkers	255	FluA Ostalmivir R H5N1
genericmarkers	256	FluA Ostalmivir R H5N1
genericmarkers	257	FluA Ostalmivir R H5N1
genericmarkers	258	FluA Ostalmivir R H5N1
genericmarkers	259	FluA Ostalmivir R H5N1
genericmarkers	260	FluA Ostalmivir R H5N1
genericmarkers	261	FluA Ostalmivir R H5N1
genericmarkers	262	FluA Ostalmivir R H5N1
genericmarkers	263	FluA Ostalmivir R H5N1
genericmarkers	264	FluA Ostalmivir R H5N1
genericmarkers	265	FluA Ostalmivir R H5N1
genericmarkers	266	FluA Ostalmivir R H5N1
genericmarkers	267	FluA Ostalmivir R H5N1
genericmarkers	268	FluA Ostalmivir R H5N1
genericmarkers	269	FluA Ostalmivir R H5N1
genericmarkers	270	FluA Ostalmivir R H5N1
genericmarkers	271	FluA Ostalmivir R H5N1
genericmarkers	272	FluA Ostalmivir R H5N1
genericmarkers	273	FluA Ostalmivir R H5N1
genericmarkers	274	FluA Ostalmivir R H5N1
genericmarkers	275	FluA Ostalmivir R H5N1
genericmarkers	276	FluA Ostalmivir R H5N1
genericmarkers	277	FluA Ostalmivir R H5N1
genericmarkers	278	FluA Ostalmivir R H5N1
genericmarkers	279	FluA Ostalmivir R H5N1
genericmarkers	280	FluA Ostalmivir R H5N1
genericmarkers	281	FluA Ostalmivir R H5N1
genericmarkers	282	FluA Ostalmivir R H5N1
genericmarkers	283	FluA Ostalmivir R H5N1
genericmarkers	284	FluA Ostalmivir R H5N1
genericmarkers	285	FluA Ostalmivir R H5N1
genericmarkers	286	FluA Ostalmivir R H5N1
genericmarkers	287	FluA Ostalmivir R H5N1
genericmarkers	288	FluA Ostalmivir R H5N1
genericmarkers	289	FluA Ostalmivir R H5N1
genericmarkers	290	FluA Ostalmivir R H5N1
genericmarkers	291	FluA Ostalmivir R H5N1
genericmarkers	292	FluA Ostalmivir R H5N1
genericmarkers	293	FluA Ostalmivir R H5N1
genericmarkers	294	FluA Ostalmivir R H5N1
genericmarkers	295	FluA Ostalmivir R H5N1
genericmarkers	296	FluA Ostalmivir R H5N1
genericmarkers	297	FluA Ostalmivir R H5N1
genericmarkers	298	FluA Ostalmivir R H5N1
genericmarkers	299	FluA Ostalmivir R H5N1
genericmarkers	300	FluA Ostalmivir R H5N1
genericmarkers	301	FluA Ostalmivir R H5N1
genericmarkers	302	FluA Ostalmivir R H5N1
genericmarkers	303	FluA Ostalmivir R H5N1
genericmarkers	304	FluA Ostalmivir R H5N1
genericmarkers	305	FluA Ostalmivir R H5N1
genericmarkers	306	FluA Ostalmivir R H5N1
genericmarkers	307	FluA Ostalmivir R H5N1
genericmarkers	308	FluA Ostalmivir R H5N1
genericmarkers	309	FluA Ostalmivir R H5N1
genericmarkers	310	FluA Ostalmivir R H5N1
genericmarkers	311	FluA Ostalmivir R H5N1
genericmarkers	312	FluA Ostalmivir R H5N1
genericmarkers	313	FluA Ostalmivir R H5N1
genericmarkers	314	FluA Ostalmivir R H5N1
genericmarkers	315	FluA Ostalmivir R H5N1
genericmarkers	316	FluA Ostalmivir R H5N1
genericmarkers	317	FluA Ostalmivir R H5N1
genericmarkers	318	FluA Ostalmivir R H5N1
genericmarkers	319	FluA Ostalmivir R H5N1
genericmarkers	320	FluA Ostalmivir R H5N1
genericmarkers	321	FluA Ostalmivir R H5N1
genericmarkers	322	Moraxella catarrhalis
genericmarkers	323	Moraxella catarrhalis
genericmarkers	324	Moraxella catarrhalis
genericmarkers	325	Pseudomonas aeruginosa
genericmarkers	326	Pseudomonas aeruginosa
genericmarkers	327	Pseudomonas aeruginosa
genericmarkers	328	Pseudomonas aeruginosa
genericmarkers	329	Pseudomonas aeruginosa
genericmarkers	330	Pseudomonas aeruginosa
genericmarkers	331	Pseudomonas aeruginosa
genericmarkers	332	Pseudomonas aeruginosa
genericmarkers	333	Pseudomonas aeruginosa
genericmarkers	334	Pseudomonas aeruginosa
genericmarkers	335	Pseudomonas aeruginosa
genericmarkers	336	Pseudomonas aeruginosa
genericmarkers	337	Pseudomonas aeruginosa
genericmarkers	338	Pseudomonas aeruginosa
genericmarkers	339	Pseudomonas aeruginosa
genericmarkers	340	Pseudomonas aeruginosa
genericmarkers	341	Pseudomonas aeruginosa
genericmarkers	342	Pseudomonas aeruginosa
genericmarkers	343	Pseudomonas aeruginosa
genericmarkers	344	Pseudomonas aeruginosa
genericmarkers	345	Pseudomonas aeruginosa
genericmarkers	346	Pseudomonas aeruginosa
genericmarkers	347	Pseudomonas aeruginosa
genericmarkers	348	Pseudomonas aeruginosa
genericmarkers	349	Pseudomonas aeruginosa
genericmarkers	350	Pseudomonas aeruginosa
genericmarkers	351	Pseudomonas aeruginosa
genericmarkers	352	Pseudomonas aeruginosa
genericmarkers	353	Pseudomonas aeruginosa
genericmarkers	354	Pseudomonas aeruginosa
genericmarkers	355	Pseudomonas aeruginosa
genericmarkers	356	Pseudomonas aeruginosa
genericmarkers	357	Pseudomonas aeruginosa
genericmarkers	358	Pseudomonas aeruginosa
genericmarkers	359	Pseudomonas aeruginosa
genericmarkers	360	Pseudomonas aeruginosa
genericmarkers	361	RSV
genericmarkers	362	RSV
genericmarkers	363	RSV
genericmarkers	364	RSV
genericmarkers	365	RSV
genericmarkers	366	RSV
genericmarkers	367	RSV
genericmarkers	368	RSV
genericmarkers	369	RSV
genericmarkers	370	RSV
genericmarkers	371	RSV
genericmarkers	372	RSV
genericmarkers	373	RSV
genericmarkers	374	RSV
genericmarkers	375	RSV
genericmarkers	376	RSV
genericmarkers	377	RSV
genericmarkers	378	RSV
genericmarkers	379	RSV
genericmarkers	380	RSV
genericmarkers	381	RSV
genericmarkers	382	RSV
genericmarkers	383	RSV
genericmarkers	384	RSV
genericmarkers	385	RSV
genericmarkers	386	RSV
genericmarkers	387	RSV
genericmarkers	388	RSV
genericmarkers	389	RSV
genericmarkers	390	RSV
genericmarkers	391	RSV
genericmarkers	392	RSV
genericmarkers	393	RSV
genericmarkers	394	RSV
genericmarkers	395	RSV
genericmarkers	396	RSV
genericmarkers	397	RSV
genericmarkers	398	RSV
genericmarkers	399	RSV
genericmarkers	400	RSV
genericmarkers	401	RSV
genericmarkers	402	RSV
genericmarkers	403	RSV
genericmarkers	404	RSV
genericmarkers	405	RSV
genericmarkers	406	RSV
genericmarkers	407	RSV
genericmarkers	408	RSV
genericmarkers	409	RSV
genericmarkers	410	RSV
genericmarkers	411	RSV
genericmarkers	412	RSV
genericmarkers	413	PIV1
genericmarkers	414	PIV1
genericmarkers	415	PIV1
genericmarkers	416	PIV1
genericmarkers	417	PIV1
genericmarkers	418	PIV1
genericmarkers	419	PIV1
genericmarkers	420	PIV1
genericmarkers	421	PIV1
genericmarkers	422	PIV1
genericmarkers	423	PIV2
genericmarkers	424	PIV2
genericmarkers	425	PIV2
genericmarkers	426	PIV2
genericmarkers	427	PIV2
genericmarkers	428	PIV2
genericmarkers	429	PIV2
genericmarkers	430	PIV2
genericmarkers	431	PIV2
genericmarkers	432	PIV2
genericmarkers	433	PIV2
genericmarkers	434	PIV3
genericmarkers	435	PIV3
genericmarkers	436	PIV3
genericmarkers	437	PIV3
genericmarkers	438	PIV3
genericmarkers	439	PIV3
genericmarkers	440	PIV3
genericmarkers	441	PIV3
genericmarkers	442	PIV3
genericmarkers	443	PIV3
genericmarkers	444	PIV3
genericmarkers	445	PIV3
genericmarkers	446	PIV3
genericmarkers	447	PIV3
genericmarkers	448	PIV3
genericmarkers	449	PIV3
genericmarkers	450	PIV3
genericmarkers	451	PIV3
genericmarkers	452	PIV3
genericmarkers	453	PIV3
genericmarkers	454	PIV3
genericmarkers	455	PIV3
genericmarkers	456	PIV3
genericmarkers	457	PIV3
genericmarkers	458	PIV3
genericmarkers	459	PIV3
genericmarkers	460	PIV3
genericmarkers	461	PIV3
genericmarkers	462	PIV3
genericmarkers	463	PIV3
genericmarkers	464	PIV3
genericmarkers	465	PIV3
genericmarkers	466	PIV3
genericmarkers	467	PIV3
genericmarkers	468	PIV3
genericmarkers	469	PIV3
genericmarkers	470	PIV3
genericmarkers	471	PIV3
genericmarkers	472	PIV3
genericmarkers	473	PIV3
genericmarkers	474	PIV3
genericmarkers	475	PIV3
genericmarkers	476	PIV3
genericmarkers	477	PIV3
genericmarkers	478	PIV3
genericmarkers	479	PIV3
genericmarkers	480	PIV3
genericmarkers	481	PIV3
genericmarkers	482	PIV3
genericmarkers	483	PIV3
genericmarkers	484	PIV3
genericmarkers	485	PIV3
genericmarkers	486	PIV3
genericmarkers	487	PIV3
genericmarkers	488	PIV3
genericmarkers	489	PIV3
genericmarkers	490	PIV3
genericmarkers	491	PIV3
genericmarkers	492	PIV3
genericmarkers	493	PIV3
genericmarkers	494	PIV3
genericmarkers	495	Bordetella pertussis
genericmarkers	496	Bordetella holmesii
genericmarkers	497	Bordetella hinzii
genericmarkers	498	Bordetella bronchiseptica
genericmarkers	499	Bordetella pseudohinzii
genericmarkers	500	Bordetella bronchiseptica
genericmarkers	501	Bordetella bronchiseptica
genericmarkers	502	Bordetella bronchiseptica
genericmarkers	503	Bordetella hinzii
genericmarkers	504	Bordetella bronchiseptica
genericmarkers	505	Bordetella pertussis
genericmarkers	506	Bordetella holmesii
genericmarkers	507	enterovirus_all_rep_seq_1
genericmarkers	508	enterovirus_all_rep_seq_2
genericmarkers	509	pan_enterovirus
genericmarkers	510	pan_enterovirus
genericmarkers	511	pan_enterovirus
genericmarkers	512	pan_enterovirus
genericmarkers	513	pan_enterovirus
genericmarkers	514	pan_enterovirus
genericmarkers	515	pan_enterovirus
genericmarkers	516	pan_enterovirus
genericmarkers	517	pan_enterovirus
genericmarkers	518	pan_enterovirus
genericmarkers	519	pan_enterovirus
genericmarkers	520	pan_enterovirus
genericmarkers	521	pan_enterovirus
genericmarkers	522	pan_enterovirus
genericmarkers	523	pan_enterovirus
genericmarkers	524	pan_enterovirus
genericmarkers	525	pan_enterovirus
genericmarkers	526	pan_enterovirus
genericmarkers	527	pan_enterovirus
genericmarkers	528	pan_enterovirus
genericmarkers	529	pan_enterovirus
genericmarkers	530	pan_enterovirus
genericmarkers	531	pan_enterovirus
genericmarkers	532	pan_enterovirus
genericmarkers	533	pan_enterovirus
genericmarkers	534	pan_enterovirus
genericmarkers	535	pan_enterovirus
genericmarkers	536	pan_enterovirus
genericmarkers	537	pan_enterovirus
genericmarkers	538	pan_enterovirus
genericmarkers	539	pan_enterovirus
genericmarkers	540	pan_enterovirus
genericmarkers	541	pan_enterovirus
genericmarkers	542	pan_enterovirus
genericmarkers	543	pan_enterovirus
genericmarkers	544	pan_enterovirus
genericmarkers	545	pan_enterovirus
genericmarkers	546	pan_enterovirus
genericmarkers	547	pan_enterovirus
genericmarkers	548	pan_enterovirus
genericmarkers	549	pan_enterovirus
genericmarkers	550	pan_enterovirus
genericmarkers	551	pan_enterovirus
genericmarkers	552	pan_enterovirus
genericmarkers	553	pan_enterovirus
genericmarkers	554	pan_enterovirus
genericmarkers	555	pan_enterovirus
genericmarkers	556	pan_enterovirus
genericmarkers	557	pan_enterovirus
genericmarkers	558	pan_enterovirus
genericmarkers	559	pan_enterovirus
genericmarkers	560	pan_enterovirus
genericmarkers	561	pan_enterovirus
genericmarkers	562	pan_enterovirus
genericmarkers	563	pan_enterovirus
genericmarkers	564	pan_enterovirus
genericmarkers	565	pan_enterovirus
genericmarkers	566	pan_enterovirus
genericmarkers	567	pan_enterovirus
genericmarkers	568	pan_enterovirus
genericmarkers	569	pan_enterovirus
genericmarkers	570	pan_enterovirus
genericmarkers	571	pan_enterovirus
genericmarkers	572	pan_enterovirus
genericmarkers	573	pan_enterovirus
genericmarkers	574	Bordetella parapertussis
genericmarkers	575	Bordetella parapertussis
genericmarkers	576	Bordetella parapertussis Bordetella trematum
genericmarkers	577	Bordetella parapertussis Bordetella bronchiseptica
genericmarkers	578	Bordetella parapertussis
genericmarkers	579	Human metapneumovirus
genericmarkers	580	Human metapneumovirus
genericmarkers	581	Human metapneumovirus
genericmarkers	582	Human metapneumovirus
genericmarkers	583	Human metapneumovirus
genericmarkers	584	Human metapneumovirus
genericmarkers	585	Human metapneumovirus
genericmarkers	586	Human metapneumovirus
genericmarkers	587	Human metapneumovirus
genericmarkers	588	Human metapneumovirus
genericmarkers	589	Human metapneumovirus
genericmarkers	590	Human metapneumovirus
genericmarkers	591	Human metapneumovirus
genericmarkers	592	Human metapneumovirus
genericmarkers	593	Human metapneumovirus
genericmarkers	594	Human metapneumovirus
genericmarkers	595	Human metapneumovirus
genericmarkers	596	Human metapneumovirus
genericmarkers	597	PIV4
genericmarkers	598	PIV4
genericmarkers	599	PIV4
genericmarkers	600	PIV4
genericmarkers	601	PIV4
genericmarkers	602	PIV4
genericmarkers	603	PIV4
genericmarkers	604	PIV4
genericmarkers	605	Adenovirus
genericmarkers	606	Adenovirus
genericmarkers	607	Adenovirus
genericmarkers	608	Adenovirus
genericmarkers	609	Adenovirus
genericmarkers	610	Adenovirus
genericmarkers	611	Adenovirus
genericmarkers	612	Adenovirus
genericmarkers	613	Adenovirus
genericmarkers	614	Adenovirus
genericmarkers	615	Adenovirus
genericmarkers	616	Adenovirus
genericmarkers	617	Adenovirus
genericmarkers	618	Adenovirus
genericmarkers	619	Adenovirus
genericmarkers	620	Adenovirus
genericmarkers	621	Adenovirus
genericmarkers	622	Adenovirus
genericmarkers	623	Adenovirus
genericmarkers	624	Adenovirus
genericmarkers	625	Adenovirus
genericmarkers	626	enterovirus_AB_rep_seq_1
genericmarkers	627	enterovirus_AB_rep_seq_2
genericmarkers	628	Enterovirus AB
genericmarkers	629	Enterovirus AB
genericmarkers	630	Enterovirus AB
genericmarkers	631	Enterovirus AB
genericmarkers	632	Enterovirus AB
genericmarkers	633	Enterovirus AB
genericmarkers	634	Enterovirus AB
genericmarkers	635	Enterovirus AB
genericmarkers	636	Enterovirus AB
genericmarkers	637	Enterovirus AB
genericmarkers	638	Enterovirus AB
genericmarkers	639	Enterovirus AB
genericmarkers	640	Enterovirus AB
genericmarkers	641	Enterovirus AB
genericmarkers	642	Enterovirus AB
genericmarkers	643	Enterovirus AB
genericmarkers	644	Enterovirus AB
genericmarkers	645	Enterovirus AB
genericmarkers	646	Enterovirus AB
genericmarkers	647	Enterovirus AB
genericmarkers	648	Enterovirus AB
genericmarkers	649	Enterovirus AB
genericmarkers	650	Enterovirus AB
genericmarkers	651	Enterovirus AB
genericmarkers	652	Enterovirus AB
genericmarkers	653	Enterovirus AB
genericmarkers	654	Enterovirus AB
genericmarkers	655	Enterovirus AB
genericmarkers	656	Enterovirus AB
genericmarkers	657	Enterovirus AB
genericmarkers	658	Enterovirus AB
genericmarkers	659	Enterovirus AB
genericmarkers	660	Enterovirus AB
genericmarkers	661	Enterovirus AB
genericmarkers	662	Enterovirus AB
genericmarkers	663	Enterovirus AB
genericmarkers	664	Enterovirus AB
genericmarkers	665	Enterovirus AB
genericmarkers	666	Enterovirus AB
genericmarkers	667	Enterovirus AB
genericmarkers	668	Enterovirus AB
genericmarkers	669	Enterovirus AB
genericmarkers	670	Enterovirus AB
genericmarkers	671	Enterovirus AB
genericmarkers	672	Enterovirus AB
genericmarkers	673	Enterovirus AB
genericmarkers	674	Enterovirus AB
genericmarkers	675	Enterovirus AB
genericmarkers	676	Enterovirus AB
genericmarkers	677	Enterovirus AB
genericmarkers	678	Enterovirus AB
genericmarkers	679	Enterovirus AB
genericmarkers	680	Enterovirus AB
genericmarkers	681	Enterovirus AB
genericmarkers	682	Enterovirus AB
genericmarkers	683	Enterovirus AB
genericmarkers	684	Enterovirus AB
genericmarkers	685	Enterovirus AB
genericmarkers	686	Enterovirus AB
genericmarkers	687	Enterovirus AB
genericmarkers	688	Enterovirus AB
genericmarkers	689	Enterovirus AB
genericmarkers	690	Enterovirus AB
genericmarkers	691	Enterovirus AB
genericmarkers	692	Enterovirus AB
genericmarkers	693	Enterovirus AB
genericmarkers	694	Enterovirus AB
genericmarkers	695	Enterovirus AB
genericmarkers	696	Enterovirus AB
genericmarkers	697	Enterovirus AB
genericmarkers	698	Enterovirus AB
genericmarkers	699	Enterovirus AB
genericmarkers	700	Enterovirus AB
genericmarkers	701	Enterovirus AB
genericmarkers	702	Enterovirus AB
genericmarkers	703	Enterovirus AB
genericmarkers	704	Enterovirus AB
genericmarkers	705	Enterovirus AB
genericmarkers	706	Enterovirus AB
genericmarkers	707	Enterovirus AB
genericmarkers	708	Enterovirus AB
genericmarkers	709	Enterovirus AB
genericmarkers	710	Enterovirus AB
genericmarkers	711	Enterovirus AB
genericmarkers	712	Enterovirus AB
genericmarkers	713	Enterovirus AB
genericmarkers	714	Enterovirus AB
genericmarkers	715	Enterovirus AB
genericmarkers	716	Enterovirus AB
genericmarkers	717	Enterovirus AB
genericmarkers	718	Enterovirus AB
genericmarkers	719	Enterovirus AB
genericmarkers	720	Enterovirus AB
genericmarkers	721	Enterovirus AB
genericmarkers	722	Enterovirus AB
genericmarkers	723	Enterovirus AB
genericmarkers	724	Enterovirus AB
genericmarkers	725	Enterovirus AB
genericmarkers	726	Enterovirus AB
genericmarkers	727	Enterovirus AB
genericmarkers	728	Enterovirus AB
genericmarkers	729	Enterovirus AB
genericmarkers	730	Enterovirus AB
genericmarkers	731	Enterovirus AB
genericmarkers	732	Enterovirus AB
genericmarkers	733	Enterovirus AB
genericmarkers	734	Enterovirus AB
genericmarkers	735	Enterovirus AB
genericmarkers	736	Enterovirus AB
genericmarkers	737	Enterovirus AB
genericmarkers	738	Enterovirus AB
genericmarkers	739	Enterovirus AB
genericmarkers	740	Enterovirus AB
genericmarkers	741	Enterovirus AB
genericmarkers	742	Enterovirus AB
genericmarkers	743	Enterovirus AB
genericmarkers	744	Enterovirus AB
genericmarkers	745	Enterovirus AB
genericmarkers	746	Enterovirus AB
genericmarkers	747	Enterovirus AB
genericmarkers	748	Enterovirus AB
genericmarkers	749	Enterovirus AB
genericmarkers	750	Enterovirus AB
genericmarkers	751	Enterovirus AB
genericmarkers	752	Enterovirus AB
genericmarkers	753	Enterovirus AB
genericmarkers	754	Enterovirus AB
genericmarkers	755	Enterovirus AB
genericmarkers	756	Enterovirus AB
genericmarkers	757	Enterovirus AB
genericmarkers	758	Enterovirus AB
genericmarkers	759	Enterovirus AB
genericmarkers	760	Enterovirus AB
genericmarkers	761	Enterovirus AB
genericmarkers	762	Enterovirus AB
genericmarkers	763	Enterovirus AB
genericmarkers	764	Enterovirus AB
genericmarkers	765	Enterovirus AB
genericmarkers	766	Enterovirus AB
genericmarkers	767	Enterovirus AB
genericmarkers	768	Enterovirus AB
genericmarkers	769	Enterovirus AB
genericmarkers	770	Enterovirus AB
genericmarkers	771	Enterovirus AB
genericmarkers	772	Enterovirus AB
genericmarkers	773	Enterovirus AB
genericmarkers	774	Enterovirus AB
genericmarkers	775	Enterovirus AB
genericmarkers	776	Enterovirus AB
genericmarkers	777	Enterovirus AB
genericmarkers	778	Enterovirus AB
genericmarkers	779	Enterovirus AB
genericmarkers	780	Enterovirus AB
genericmarkers	781	Enterovirus AB
genericmarkers	782	Enterovirus AB
genericmarkers	783	Enterovirus AB
genericmarkers	784	Enterovirus AB
genericmarkers	785	Enterovirus AB
genericmarkers	786	Enterovirus AB
genericmarkers	787	Enterovirus AB
genericmarkers	788	Enterovirus AB
genericmarkers	789	Enterovirus AB
genericmarkers	790	Enterovirus AB
genericmarkers	791	Enterovirus AB
genericmarkers	792	Enterovirus AB
genericmarkers	793	Enterovirus AB
genericmarkers	794	Enterovirus AB
genericmarkers	795	Enterovirus AB
genericmarkers	796	Enterovirus AB
genericmarkers	797	Enterovirus AB
genericmarkers	798	Enterovirus AB
genericmarkers	799	Enterovirus AB
genericmarkers	800	Enterovirus AB
genericmarkers	801	Enterovirus AB
genericmarkers	802	Enterovirus AB
genericmarkers	803	Enterovirus AB
genericmarkers	804	Enterovirus AB
genericmarkers	805	Enterovirus AB
genericmarkers	806	Enterovirus AB
genericmarkers	807	Enterovirus AB
genericmarkers	808	Enterovirus AB
genericmarkers	809	Enterovirus AB
genericmarkers	810	Enterovirus AB
genericmarkers	811	Enterovirus AB
genericmarkers	812	Enterovirus AB
genericmarkers	813	Enterovirus AB
genericmarkers	814	Enterovirus AB
genericmarkers	815	Enterovirus AB
genericmarkers	816	Enterovirus AB
genericmarkers	817	Enterovirus AB
genericmarkers	818	Enterovirus AB
genericmarkers	819	Entervirus C
genericmarkers	820	Entervirus C
genericmarkers	821	Entervirus C
genericmarkers	822	Entervirus C
genericmarkers	823	Entervirus C
genericmarkers	824	Entervirus C
genericmarkers	825	Entervirus C
genericmarkers	826	enterovirus_D_rep_seq_1
genericmarkers	827	enterovirus_D_rep_seq_2
genericmarkers	828	Enterovirus D
genericmarkers	829	Enterovirus D
genericmarkers	830	Enterovirus D
genericmarkers	831	Enterovirus D
genericmarkers	832	Enterovirus D
genericmarkers	833	Enterovirus D
genericmarkers	834	Enterovirus D
genericmarkers	835	Enterovirus D
genericmarkers	836	Enterovirus D
genericmarkers	837	Enterovirus D
genericmarkers	838	Enterovirus D
genericmarkers	839	Enterovirus D
genericmarkers	840	Enterovirus D
genericmarkers	841	Enterovirus D
genericmarkers	842	Enterovirus D
genericmarkers	843	Enterovirus D
genericmarkers	844	Enterovirus D
genericmarkers	845	Enterovirus D
genericmarkers	846	Enterovirus D
genericmarkers	847	Enterovirus D
genericmarkers	848	Enterovirus D
genericmarkers	849	Enterovirus D
genericmarkers	850	Enterovirus D
genericmarkers	851	Enterovirus D
genericmarkers	852	Enterovirus D
genericmarkers	853	Enterovirus D
genericmarkers	854	Enterovirus D
genericmarkers	855	Enterovirus D
genericmarkers	856	Enterovirus D
genericmarkers	857	Enterovirus D
genericmarkers	858	Enterovirus D
genericmarkers	859	Enterovirus D
genericmarkers	860	Enterovirus D
genericmarkers	861	Enterovirus D
genericmarkers	862	Enterovirus D
genericmarkers	863	Enterovirus D
genericmarkers	864	Enterovirus D
genericmarkers	865	Enterovirus D
genericmarkers	866	Enterovirus D
genericmarkers	867	Enterovirus D
genericmarkers	868	Enterovirus D
genericmarkers	869	Enterovirus D
genericmarkers	870	Enterovirus D
genericmarkers	871	Enterovirus D
genericmarkers	872	Enterovirus D
genericmarkers	873	Enterovirus D
genericmarkers	874	Enterovirus D
genericmarkers	875	Enterovirus D
genericmarkers	876	Enterovirus D
genericmarkers	877	Enterovirus D
genericmarkers	878	Enterovirus D
genericmarkers	879	Enterovirus D
genericmarkers	880	Enterovirus D
genericmarkers	881	Enterovirus D
genericmarkers	882	Enterovirus D
genericmarkers	883	Enterovirus D
genericmarkers	884	Enterovirus D
genericmarkers	885	Enterovirus D
genericmarkers	886	Enterovirus D
genericmarkers	887	Enterovirus D
genericmarkers	888	Enterovirus D
genericmarkers	889	Enterovirus D
genericmarkers	890	Enterovirus D
genericmarkers	891	Enterovirus D
genericmarkers	892	Enterovirus D
genericmarkers	893	Enterovirus D
genericmarkers	894	Enterovirus D
genericmarkers	895	Enterovirus D
genericmarkers	896	Enterovirus D
genericmarkers	897	Enterovirus D
genericmarkers	898	Enterovirus D
genericmarkers	899	Enterovirus D
genericmarkers	900	Enterovirus D
genericmarkers	901	Enterovirus D
genericmarkers	902	Enterovirus D
genericmarkers	903	Enterovirus D
genericmarkers	904	Enterovirus D
genericmarkers	905	Enterovirus D
genericmarkers	906	Enterovirus D
genericmarkers	907	Enterovirus D
genericmarkers	908	Enterovirus D
genericmarkers	909	Enterovirus D
genericmarkers	910	Enterovirus D
genericmarkers	911	Enterovirus D
genericmarkers	912	Enterovirus D
genericmarkers	913	Enterovirus D
genericmarkers	914	Enterovirus D
genericmarkers	915	Enterovirus D
genericmarkers	916	Enterovirus D
genericmarkers	917	Enterovirus D
genericmarkers	918	Enterovirus D
genericmarkers	919	Enterovirus D
genericmarkers	920	Enterovirus D
genericmarkers	921	Enterovirus D
genericmarkers	922	Enterovirus D
genericmarkers	923	Enterovirus D
genericmarkers	924	Enterovirus D
genericmarkers	925	Enterovirus D
genericmarkers	926	Enterovirus D
genericmarkers	927	Enterovirus D
genericmarkers	928	Enterovirus D
genericmarkers	929	Enterovirus D
genericmarkers	930	Enterovirus D
genericmarkers	931	Enterovirus D
genericmarkers	932	Enterovirus D
genericmarkers	933	Enterovirus D
genericmarkers	934	Enterovirus D
genericmarkers	935	Enterovirus D
genericmarkers	936	Enterovirus D
genericmarkers	937	Enterovirus D
genericmarkers	938	Enterovirus D
genericmarkers	939	Enterovirus D
genericmarkers	940	Enterovirus D
genericmarkers	941	Human coronavirus NL63
genericmarkers	942	Human coronavirus NL63
genericmarkers	943	Human coronavirus NL63
genericmarkers	944	Human coronavirus NL63
genericmarkers	945	Human coronavirus NL63
genericmarkers	946	Human coronavirus NL63
genericmarkers	947	Human coronavirus NL63
genericmarkers	948	Human coronavirus NL63
genericmarkers	949	Human coronavirus NL63
genericmarkers	950	Human coronavirus NL63
genericmarkers	951	Human coronavirus NL63
genericmarkers	952	Human coronavirus NL63
genericmarkers	953	Human coronavirus NL63
genericmarkers	954	Human coronavirus NL63
genericmarkers	955	Human coronavirus NL63
genericmarkers	956	Human coronavirus HKU1
genericmarkers	957	Human coronavirus HKU1
genericmarkers	958	Human coronavirus HKU1
genericmarkers	959	Human coronavirus HKU1
genericmarkers	960	Human coronavirus HKU1
genericmarkers	961	Human coronavirus HKU1
genericmarkers	962	Human coronavirus HKU1
genericmarkers	963	Human coronavirus HKU1
genericmarkers	964	Human coronavirus HKU1
genericmarkers	965	Human coronavirus HKU1
genericmarkers	966	Human coronavirus 229E
genericmarkers	967	Human coronavirus 229E
genericmarkers	968	Human coronavirus 229E
genericmarkers	969	Human coronavirus 229E
genericmarkers	970	Human coronavirus 229E
genericmarkers	971	Human coronavirus 229E
genericmarkers	972	Human coronavirus 229E
genericmarkers	973	Human coronavirus 229E
genericmarkers	974	Human coronavirus 229E
genericmarkers	975	Human coronavirus 229E
genericmarkers	976	Human coronavirus 229E
genericmarkers	977	Human coronavirus 229E
genericmarkers	978	Human coronavirus 229E
genericmarkers	979	Human coronavirus 229E
genericmarkers	980	Human coronavirus 229E
genericmarkers	981	Human coronavirus 229E
genericmarkers	982	Human coronavirus 229E
genericmarkers	983	Human coronavirus 229E
genericmarkers	984	Human coronavirus 229E
genericmarkers	985	Human coronavirus 229E
genericmarkers	986	Human coronavirus 229E
genericmarkers	987	Acinetobacter baumanni
genericmarkers	988	Acinetobacter baumanni
genericmarkers	989	Acinetobacter baumanni
genericmarkers	990	Acinetobacter baumanni
genericmarkers	991	Acinetobacter baumanni
genericmarkers	992	Acinetobacter baumanni
genericmarkers	993	Acinetobacter baumanni
genericmarkers	994	Acinetobacter baumanni
genericmarkers	995	Acinetobacter baumanni
genericmarkers	996	Acinetobacter baumanni
genericmarkers	997	Acinetobacter baumanni
genericmarkers	998	Acinetobacter baumanni
genericmarkers	999	Mycoplasma pneumoniae macrolide resistant
genericmarkers	1000	Mycoplasma pneumoniae macrolide wt
genericmarkers	1001	Mycoplasma pneumoniae macrolide resistant
genericmarkers	1002	Mycoplasma pneumoniae macrolide resistant
genericmarkers	1003	Mycoplasma pneumoniae macrolide resistant
genericmarkers	1004	Mycoplasma pneumoniae macrolide resistant
genericmarkers	1005	Mycoplasma pneumoniae macrolide resistant
genericmarkers	1006	Mycoplasma pneumoniae macrolide resistant
genericmarkers	1007	Human RNaseP
ptyping	1	M  pneumoniae P1 Type 1
ptyping	2	M  pneumoniae P1 Type 2
